t,x1,x2,x3
0,1.99E+00,2.22E+00,2.18E+00
3.33E-02,1.97E+00,2.20E+00,2.15E+00
6.67E-02,1.95E+00,2.17E+00,2.11E+00
0.1,1.92E+00,2.14E+00,2.07E+00
0.133,1.89E+00,2.08E+00,2.02E+00
0.167,1.85E+00,2.02E+00,1.96E+00
0.2,1.78E+00,1.94E+00,1.87E+00
0.233,1.72E+00,1.87E+00,1.79E+00
0.267,1.65E+00,1.78E+00,1.70E+00
0.3,1.56E+00,1.69E+00,1.61E+00
0.333,1.47E+00,1.58E+00,1.51E+00
0.367,1.35E+00,1.47E+00,1.39E+00
0.4,1.24E+00,1.36E+00,1.27E+00
0.433,1.12E+00,1.22E+00,1.14E+00
0.467,9.88E-01,1.09E+00,1.02E+00
0.5,8.47E-01,9.59E-01,8.86E-01
0.533,6.93E-01,7.99E-01,7.36E-01
0.567,5.38E-01,6.44E-01,5.86E-01
0.6,3.72E-01,4.94E-01,4.46E-01
0.633,1.89E-01,3.40E-01,2.86E-01
0.667,1.92E-03,1.50E-01,1.15E-01
,,1.97E-02,5.07E-03