t,x1,x2,x3,x4
0.000,3.000,3.000,3.000,3.000
0.033,2.986,2.987,2.990,2.986
0.067,2.958,2.963,2.975,2.965
0.100,2.917,2.932,2.945,2.933
0.133,2.866,2.886,2.904,2.893
0.167,2.807,2.830,2.859,2.842
0.200,2.741,2.769,2.798,2.779
0.233,2.657,2.693,2.653,2.622
0.267,2.566,2.610,2.560,2.524
0.300,2.467,2.512,2.463,2.423
0.333,2.349,2.404,2.354,2.302
0.367,2.229,2.282,2.219,2.174
0.400,2.093,2.152,2.089,2.037
0.433,1.939,2.010,1.939,1.883
0.467,1.781,1.851,1.778,1.721
0.500,1.605,1.684,1.603,1.547
0.533,1.409,1.499,1.418,1.356
0.567,1.196,1.302,1.217,1.149
0.600,0.970,1.100,0.994,0.930
0.633,0.742,0.875,0.750,0.704
0.667,0.490,0.529,0.495,0.455
0.700,0.220,0.261,0.228,0.182
