,,,,
t,x1,x2,x3,x4
0.000,3.000,3.000,3.000,3.000
0.033,2.982,2.982,2.984,2.985
0.067,2.935,2.912,2.907,2.896
0.100,2.862,2.863,2.851,2.845
0.133,2.788,2.797,2.790,2.782
0.167,2.716,2.725,2.717,2.708
0.200,2.622,2.650,2.640,2.625
0.233,2.527,2.550,2.544,2.534
0.267,2.405,2.456,2.438,2.435
0.300,2.279,2.336,2.329,2.318
0.333,2.150,2.215,2.196,2.189
0.367,2.008,2.082,2.065,2.043
0.400,1.846,1.929,1.892,1.888
0.433,1.677,1.785,1.728,1.729
0.467,1.497,1.599,1.548,1.553
0.500,1.313,1.415,1.379,1.373
0.533,1.105,1.218,1.188,1.175
0.567,0.890,1.013,0.949,0.963
0.600,0.659,0.794,0.725,0.735
0.633,0.413,0.569,0.465,0.494
0.667,0.144,0.322,0.229,0.242